{"instrument_connected": true, "timestamp": "2026-04-23T16:24:00.340909+00:00", "last_co2_ppm": 504.1283333333333, "last_t_c": 23.29076702016734, "last_rh_pct": 57.70677246255184}